date,open,close,high,low,volume,volume.1
2022-03-28,56.6,56.9,58.3,56.1,19969.0,19969.0
2022-03-29,57.02,57.15,58.15,56.61,17442.0,17442.0
2022-03-30,58.5,58.86,59.32,58.43,21549.0,21549.0
2022-03-31,59.29,58.66,59.94,58.58,19237.0,19237.0
2022-04-01,58.58,58.16,58.88,58.0,15581.0,15581.0
2022-04-06,58.18,59.08,60.48,58.16,24484.0,24484.0
2022-04-07,58.77,57.77,59.65,57.77,18233.0,18233.0
2022-04-08,57.78,55.58,58.03,55.4,27766.0,27766.0
2022-04-11,55.3,52.4,55.86,52.08,28772.0,28772.0
2022-04-12,52.4,53.63,53.75,52.0,27089.0,27089.0
2022-04-13,53.2,51.8,53.39,51.75,19463.0,19463.0
2022-04-14,51.81,52.68,52.8,51.81,16157.0,16157.0
2022-04-15,52.11,51.21,52.2,50.3,24022.0,24022.0
2022-04-18,50.5,52.55,52.55,49.72,19434.0,19434.0
2022-04-19,51.72,51.65,52.79,51.25,13392.0,13392.0
2022-04-20,52.1,51.52,53.1,51.01,20994.0,20994.0
2022-04-21,51.0,49.99,52.49,49.88,25963.0,25963.0
2022-04-22,49.6,49.03,50.46,48.89,17700.0,17700.0
2022-04-25,48.56,45.7,48.56,45.67,30598.0,30598.0
2022-04-26,45.85,44.16,46.5,43.88,29930.0,29930.0
2022-04-27,43.52,44.57,44.89,42.68,29917.0,29917.0
2022-04-28,44.0,42.93,44.66,42.55,28085.0,28085.0
2022-04-29,43.97,49.36,49.77,43.0,44935.0,44935.0
2022-05-05,48.6,49.35,49.9,48.37,37412.0,37412.0
2022-05-06,48.5,49.71,51.8,47.7,43220.0,43220.0
2022-05-09,48.9,47.19,49.3,46.88,31429.0,31429.0
2022-05-10,46.43,47.7,48.18,46.21,27125.0,27125.0
2022-05-11,47.66,48.68,50.48,47.66,34149.0,34149.0
2022-05-12,48.67,48.8,49.48,47.85,17665.0,17665.0
2022-05-13,49.11,47.93,49.5,47.64,16026.0,16026.0
2022-05-16,48.49,47.22,49.78,46.9,22331.0,22331.0
2022-05-17,47.32,47.69,48.42,47.12,12541.0,12541.0
2022-05-18,48.18,47.96,49.03,47.78,22519.0,22519.0
2022-05-19,47.07,47.98,48.09,47.02,18629.0,18629.0
2022-05-20,47.95,49.32,49.78,47.9,25340.0,25340.0
2022-05-23,49.13,49.58,49.87,48.97,18361.0,18361.0
2022-05-24,49.63,46.89,49.89,46.68,22355.0,22355.0
2022-05-25,46.85,47.06,47.88,46.37,18472.0,18472.0
2022-05-26,47.09,47.67,48.15,46.48,19513.0,19513.0
2022-05-27,48.2,46.36,48.5,46.2,23015.0,23015.0
2022-05-30,46.8,47.31,47.99,45.52,25913.0,25913.0
2022-05-31,47.5,48.15,48.45,45.91,35594.0,35594.0
2022-06-01,47.92,49.41,50.48,47.92,31675.0,31675.0
2022-06-02,48.95,52.25,52.76,48.41,51908.0,51908.0
2022-06-06,53.3,55.15,55.33,52.68,60762.0,60762.0
2022-06-07,54.23,52.75,54.3,52.32,42135.0,42135.0
2022-06-08,52.61,52.52,53.99,51.51,41937.0,41937.0
2022-06-09,52.33,50.0,52.33,49.91,38560.0,38560.0
2022-06-10,49.78,51.14,51.18,49.6,37098.0,37098.0
2022-06-13,50.5,50.62,51.16,50.0,22965.0,22965.0
2022-06-14,50.11,49.62,50.62,48.2,28149.0,28149.0
2022-06-15,49.9,51.32,52.33,49.35,33925.0,33925.0
2022-06-16,51.32,52.38,53.45,51.1,32131.0,32131.0
2022-06-17,51.5,52.18,52.76,51.02,21698.0,21698.0
2022-06-20,52.27,55.59,55.7,52.21,48370.0,48370.0
2022-06-21,55.41,54.94,56.36,53.88,37678.0,37678.0
2022-06-22,54.9,52.51,55.18,52.51,25659.0,25659.0
2022-06-23,53.49,54.07,54.39,52.47,21092.0,21092.0
2022-06-24,54.38,54.57,55.66,54.25,23840.0,23840.0
2022-06-27,54.81,54.34,55.68,54.18,26110.0,26110.0
2022-06-28,54.36,55.05,55.5,53.2,19382.0,19382.0
2022-06-29,54.81,55.4,57.86,54.46,36922.0,36922.0
2022-06-30,56.0,55.8,57.5,55.15,26350.0,26350.0
2022-07-01,56.11,54.64,56.64,54.49,18133.0,18133.0
2022-07-04,55.8,55.72,57.33,55.55,29049.0,29049.0
2022-07-05,55.8,53.15,55.8,52.5,36207.0,36207.0
2022-07-06,53.17,52.76,53.88,52.13,20082.0,20082.0
2022-07-07,52.8,52.3,53.62,51.81,16231.0,16231.0
2022-07-08,52.69,52.69,53.75,52.46,16528.0,16528.0
2022-07-11,52.69,51.02,52.99,50.75,19207.0,19207.0
2022-07-12,50.8,49.73,51.49,49.0,18791.0,18791.0
2022-07-13,49.73,49.99,50.27,49.33,11768.0,11768.0
2022-07-14,49.5,49.89,50.4,49.05,16691.0,16691.0
2022-07-15,49.98,48.7,50.57,48.7,16012.0,16012.0
2022-07-18,48.74,50.0,50.1,48.68,13485.0,13485.0
2022-07-19,50.14,51.54,51.72,49.88,19345.0,19345.0
2022-07-20,51.53,50.18,51.92,50.1,22638.0,22638.0
2022-07-21,50.42,52.58,53.28,50.02,28731.0,28731.0
2022-07-22,53.0,51.09,53.0,50.34,23858.0,23858.0
2022-07-25,51.0,50.38,51.58,50.07,11187.0,11187.0
2022-07-26,50.1,50.0,50.69,49.4,17247.0,17247.0
2022-07-27,50.06,50.19,50.74,49.8,11683.0,11683.0
2022-07-28,50.5,51.49,52.8,50.5,25211.0,25211.0
2022-07-29,51.5,50.84,52.0,50.67,18559.0,18559.0
2022-08-01,50.6,50.6,51.25,49.68,18293.0,18293.0
2022-08-02,50.0,48.6,50.48,47.3,34048.0,34048.0
2022-08-03,48.24,49.5,51.52,48.24,29923.0,29923.0
2022-08-04,49.8,50.76,51.79,49.29,26487.0,26487.0
2022-08-05,50.9,54.56,54.59,50.39,53847.0,53847.0
2022-08-08,54.0,55.41,55.77,53.99,36552.0,36552.0
2022-08-09,55.44,55.22,56.07,53.71,31069.0,31069.0
2022-08-10,54.88,55.07,56.4,54.41,28863.0,28863.0
2022-08-11,55.43,55.5,56.13,54.88,19340.0,19340.0
2022-08-12,55.68,54.55,55.85,54.55,17660.0,17660.0
2022-08-15,54.37,53.62,54.7,53.33,19486.0,19486.0
2022-08-16,53.96,52.81,54.49,52.75,19922.0,19922.0
2022-08-17,52.6,52.54,53.24,52.5,20479.0,20479.0
2022-08-18,52.6,54.3,54.77,52.54,44388.0,44388.0
2022-08-19,54.09,53.18,55.6,53.16,25183.0,25183.0
2022-08-22,53.98,52.77,53.98,52.55,15462.0,15462.0
2022-08-23,53.09,52.64,53.66,52.54,14400.0,14400.0
2022-08-24,52.4,49.51,52.4,49.28,33465.0,33465.0
2022-08-25,49.6,50.04,50.15,48.99,17417.0,17417.0
2022-08-26,50.3,49.7,50.54,49.42,12924.0,12924.0
2022-08-29,49.0,49.24,50.19,48.91,13351.0,13351.0
2022-08-30,49.24,49.24,50.28,49.06,19430.0,19430.0
2022-08-31,49.28,49.77,50.97,49.02,23155.0,23155.0
2022-09-01,49.77,49.7,51.46,49.52,18964.0,18964.0
2022-09-02,49.7,50.46,50.79,49.52,13349.0,13349.0
2022-09-05,50.13,51.34,51.88,49.36,24002.0,24002.0
2022-09-06,51.49,50.35,51.55,49.95,21243.0,21243.0
2022-09-07,49.9,50.19,50.72,49.89,14619.0,14619.0
2022-09-08,50.47,49.2,50.56,49.15,14802.0,14802.0
2022-09-09,49.1,49.92,50.85,48.88,17063.0,17063.0
2022-09-13,49.98,50.22,51.08,49.93,12036.0,12036.0
2022-09-14,50.02,49.8,50.44,48.85,21347.0,21347.0
2022-09-15,50.0,51.07,52.3,49.56,37460.0,37460.0
2022-09-16,50.86,54.04,55.8,50.78,60333.0,60333.0
2022-09-19,54.45,52.76,54.45,52.19,33661.0,33661.0
2022-09-20,52.85,51.41,53.48,50.88,22465.0,22465.0
2022-09-21,51.16,50.58,51.68,49.77,17348.0,17348.0
2022-09-22,50.25,51.5,52.76,50.02,23311.0,23311.0
2022-09-23,52.0,49.02,52.0,48.93,31976.0,31976.0
2022-09-26,48.48,45.26,48.87,45.05,42468.0,42468.0
2022-09-27,45.22,46.66,46.98,45.0,27236.0,27236.0
2022-09-28,46.8,44.23,46.8,44.23,27096.0,27096.0
2022-09-29,44.67,44.31,45.88,44.0,21186.0,21186.0
2022-09-30,44.23,43.08,44.75,43.08,16834.0,16834.0
2022-10-10,43.0,41.38,43.58,41.0,23310.0,23310.0
2022-10-11,41.36,40.8,41.84,40.68,15895.0,15895.0
2022-10-12,40.59,43.0,43.1,40.27,21866.0,21866.0
2022-10-13,43.0,43.99,46.0,42.55,36684.0,36684.0
2022-10-14,44.01,45.24,45.82,44.01,23795.0,23795.0
2022-10-17,45.24,48.4,49.68,45.01,37858.0,37858.0
2022-10-18,48.14,48.39,48.49,47.31,26673.0,26673.0
2022-10-19,48.21,47.82,48.7,47.34,26046.0,26046.0
2022-10-20,47.8,49.32,50.21,47.34,31658.0,31658.0
2022-10-21,49.61,50.58,51.44,48.88,27703.0,27703.0
2022-10-24,51.0,51.69,53.16,50.6,42859.0,42859.0
2022-10-25,51.0,49.75,51.77,49.5,31745.0,31745.0
2022-10-26,49.9,53.64,54.31,49.9,49001.0,49001.0
2022-10-27,54.4,55.82,56.78,53.6,74175.0,74175.0
2022-10-28,55.03,55.66,57.66,54.85,66673.0,66673.0
2022-10-31,55.67,62.8,65.25,55.67,111181.0,111181.0
2022-11-01,62.09,63.0,64.76,60.67,68879.0,68879.0
2022-11-02,62.6,61.15,62.98,60.89,42986.0,42986.0
2022-11-03,61.4,62.73,63.9,60.2,60610.0,60610.0
2022-11-04,62.82,63.21,64.55,61.7,38656.0,38656.0
2022-11-07,64.1,64.55,66.66,63.25,44258.0,44258.0
2022-11-08,63.73,65.61,65.62,62.68,39246.0,39246.0
2022-11-09,65.61,69.0,69.6,63.88,63777.0,63777.0
2022-11-10,68.01,67.5,69.2,66.11,47887.0,47887.0
2022-11-11,68.19,66.6,69.3,64.65,36101.0,36101.0
2022-11-14,65.4,68.99,69.0,64.3,49468.0,49468.0
2022-11-15,69.0,68.0,72.3,68.0,61030.0,61030.0
2022-11-16,68.0,68.03,69.86,66.7,31170.0,31170.0
2022-11-17,68.5,70.68,71.13,67.51,45797.0,45797.0
2022-11-18,71.28,68.64,71.7,68.5,35577.0,35577.0
2022-11-21,68.64,69.33,69.98,67.3,24297.0,24297.0
2022-11-22,68.85,66.39,69.57,65.91,38414.0,38414.0
2022-11-23,66.45,64.48,67.31,64.05,43800.0,43800.0
2022-11-24,65.7,63.6,65.7,63.21,23189.0,23189.0
2022-11-25,63.94,62.08,63.94,61.9,24638.0,24638.0
2022-11-28,61.77,62.11,62.63,61.02,25848.0,25848.0
2022-11-29,61.91,61.91,63.0,60.68,36404.0,36404.0
2022-11-30,62.0,61.0,62.46,59.86,36309.0,36309.0
2022-12-01,61.2,64.98,65.08,61.2,51542.0,51542.0
2022-12-02,65.0,64.09,66.7,63.8,36413.0,36413.0
2022-12-05,64.81,64.4,66.14,63.45,29491.0,29491.0
2022-12-06,64.7,64.3,64.7,62.7,23525.0,23525.0
2022-12-07,63.86,64.23,65.45,63.03,27647.0,27647.0
2022-12-08,63.38,62.33,64.27,61.87,27105.0,27105.0
2022-12-09,62.99,62.26,63.0,61.9,31668.0,31668.0
2022-12-12,62.63,65.48,66.5,61.58,43639.0,43639.0
2022-12-13,65.37,63.0,65.88,62.9,22583.0,22583.0
2022-12-14,63.5,65.19,66.49,62.52,31056.0,31056.0
2022-12-15,65.01,65.74,68.19,64.1,27887.0,27887.0
2022-12-16,65.8,65.0,67.35,64.57,21939.0,21939.0
2022-12-19,64.51,63.16,65.92,62.3,25136.0,25136.0
2022-12-20,64.0,61.51,64.49,61.5,16429.0,16429.0
2022-12-21,61.8,61.6,62.88,61.02,9351.0,9351.0
2022-12-22,61.6,62.3,63.34,61.45,11498.0,11498.0
2022-12-23,61.59,67.16,68.19,61.59,35548.0,35548.0
2022-12-26,67.71,67.71,68.56,66.3,25181.0,25181.0
2022-12-27,67.24,67.09,68.2,65.93,17585.0,17585.0
2022-12-28,66.99,65.65,68.3,64.5,17735.0,17735.0
2022-12-29,65.61,65.46,67.82,64.56,21731.0,21731.0
2022-12-30,65.49,65.77,67.88,64.85,22567.0,22567.0
2023-01-03,66.0,69.92,70.92,65.05,56420.0,56420.0
2023-01-04,70.69,70.3,70.88,69.0,40215.0,40215.0
2023-01-05,70.0,70.52,70.68,68.9,25235.0,25235.0
2023-01-06,70.99,68.25,71.2,67.16,36540.0,36540.0
2023-01-09,68.5,70.26,70.97,66.8,27194.0,27194.0
2023-01-10,70.26,68.9,70.8,68.74,20933.0,20933.0
2023-01-11,68.91,65.9,68.91,65.73,21345.0,21345.0
2023-01-12,66.55,65.9,66.96,65.3,20739.0,20739.0
2023-01-13,66.2,66.61,66.84,63.8,22741.0,22741.0
2023-01-16,69.5,70.35,72.29,68.41,61656.0,61656.0
2023-01-17,70.68,69.82,70.97,69.31,26503.0,26503.0
2023-01-18,70.16,73.97,74.75,69.5,51219.0,51219.0
2023-01-19,73.94,76.51,77.18,73.94,55989.0,55989.0
2023-01-20,76.87,77.47,78.08,75.95,36680.0,36680.0
2023-01-30,80.33,81.0,82.79,78.6,55229.0,55229.0
2023-01-31,80.95,78.08,81.49,77.18,36525.0,36525.0
2023-02-01,78.14,79.9,80.2,77.85,24960.0,24960.0
2023-02-02,80.45,79.0,82.45,78.52,31220.0,31220.0
2023-02-03,78.01,79.92,80.5,78.01,27910.0,27910.0
2023-02-06,79.57,79.87,82.0,78.21,32835.0,32835.0
2023-02-07,79.1,79.5,80.09,78.23,16815.0,16815.0
2023-02-08,79.85,77.86,81.9,76.84,29947.0,29947.0
2023-02-09,77.17,78.0,78.37,75.73,26917.0,26917.0
2023-02-10,78.0,75.13,78.3,74.38,41623.0,41623.0
2023-02-13,74.87,78.21,78.8,74.87,44860.0,44860.0
2023-02-14,78.21,76.46,80.51,76.09,38694.0,38694.0
2023-02-15,76.46,77.51,77.88,74.6,38831.0,38831.0
2023-02-16,78.98,76.77,79.01,75.66,34276.0,34276.0
2023-02-17,76.02,73.46,76.99,73.3,34440.0,34440.0
2023-02-20,73.46,76.42,76.94,72.77,26470.0,26470.0
2023-02-21,76.52,77.41,78.39,75.52,25733.0,25733.0
2023-02-22,77.02,75.36,77.4,74.8,19948.0,19948.0
2023-02-23,75.23,73.69,75.6,73.3,13527.0,13527.0
2023-02-24,73.98,73.72,75.1,73.1,11413.0,11413.0
2023-02-27,73.4,75.36,75.5,73.21,18358.0,18358.0
2023-02-28,77.2,76.06,79.11,74.75,43842.0,43842.0
2023-03-01,76.0,78.4,78.54,75.21,36920.0,36920.0
2023-03-02,77.96,78.28,78.99,77.1,25314.0,25314.0
2023-03-03,77.71,75.13,78.27,74.22,43778.0,43778.0
2023-03-06,75.12,78.6,78.88,75.08,43598.0,43598.0
2023-03-07,79.1,76.44,81.28,76.4,45696.0,45696.0
2023-03-08,76.66,77.0,77.88,74.14,41187.0,41187.0
2023-03-09,77.58,77.0,77.67,75.25,24037.0,24037.0
2023-03-10,75.81,77.24,78.95,75.81,36454.0,36454.0
2023-03-13,77.99,79.91,80.5,76.06,52203.0,52203.0
2023-03-14,79.95,78.52,80.66,76.55,42683.0,42683.0
2023-03-15,78.0,70.32,78.5,69.46,133394.0,133394.0
2023-03-16,70.0,70.26,71.95,69.85,78354.0,78354.0
2023-03-17,70.34,70.54,72.5,68.5,94042.0,94042.0
2023-03-20,70.5,69.09,72.16,68.65,64531.0,64531.0
2023-03-21,69.12,70.34,72.18,68.26,48588.0,48588.0
2023-03-22,69.3,67.71,69.66,67.01,69451.0,69451.0
2023-03-23,67.33,69.04,69.5,66.67,52921.0,52921.0
2023-03-24,69.51,68.7,69.6,67.09,39613.0,39613.0
2023-03-27,69.17,68.99,71.68,67.7,53129.0,53129.0
2023-03-28,72.0,72.48,77.3,70.8,133160.0,133160.0
2023-03-29,72.57,69.77,72.57,68.0,87323.0,87323.0
2023-03-30,69.6,67.93,70.72,67.68,51912.0,51912.0
2023-03-31,68.0,69.8,70.41,67.41,44174.0,44174.0
2023-04-03,72.11,73.95,74.58,70.87,85241.0,85241.0
2023-04-04,73.52,77.95,79.99,72.9,138453.0,138453.0
2023-04-06,77.25,78.07,79.9,76.42,78405.0,78405.0
2023-04-07,78.0,77.24,78.06,74.4,60116.0,60116.0
2023-04-10,78.28,74.76,79.8,73.71,92066.0,92066.0
2023-04-11,74.36,74.78,75.88,73.02,59332.0,59332.0
2023-04-12,74.67,76.79,78.3,73.95,59150.0,59150.0
2023-04-13,77.14,77.32,79.59,76.51,66588.0,66588.0
2023-04-14,77.41,76.55,79.1,75.44,60681.0,60681.0
2023-04-17,77.7,74.27,78.34,73.78,68471.0,68471.0
2023-04-18,74.11,72.76,74.37,72.0,50954.0,50954.0
2023-04-19,72.86,71.56,74.43,71.16,52790.0,52790.0
2023-04-20,71.51,72.15,72.59,70.79,49612.0,49612.0
2023-04-21,73.0,68.01,73.54,67.88,61481.0,61481.0
2023-04-24,67.89,65.89,68.78,64.99,55762.0,55762.0
2023-04-25,65.97,65.01,67.48,64.61,44914.0,44914.0
2023-04-26,65.5,63.35,66.0,63.1,37969.0,37969.0
2023-04-27,61.59,58.07,63.15,57.4,112222.0,112222.0
2023-04-28,58.28,59.09,60.32,58.24,63573.0,63573.0
2023-05-04,59.0,57.41,60.2,56.71,68232.0,68232.0
2023-05-05,57.66,57.28,58.03,56.6,48304.0,48304.0
2023-05-08,57.4,57.88,58.28,56.37,35507.0,35507.0
2023-05-09,58.26,56.25,58.26,56.02,45229.0,45229.0
2023-05-10,56.47,56.41,56.97,55.4,29995.0,29995.0
2023-05-11,56.58,55.76,56.95,55.56,32558.0,32558.0
2023-05-12,55.72,55.08,56.05,54.8,36639.0,36639.0
2023-05-15,55.37,55.95,56.46,54.12,43093.0,43093.0
2023-05-16,55.97,55.65,56.45,55.11,30900.0,30900.0
2023-05-17,56.13,55.3,56.3,54.99,22190.0,22190.0
2023-05-18,55.3,56.08,56.2,55.05,29127.0,29127.0
2023-05-19,56.5,55.6,56.71,54.72,33446.0,33446.0
2023-05-22,55.74,56.56,56.85,55.66,40679.0,40679.0
2023-05-23,56.89,55.35,56.98,55.33,32578.0,32578.0
2023-05-24,55.24,55.07,55.58,54.15,26224.0,26224.0
2023-05-25,54.88,54.98,55.79,54.0,26310.0,26310.0
2023-05-26,55.5,56.23,56.23,55.13,27564.0,27564.0
2023-05-29,56.51,55.78,57.34,55.68,43089.0,43089.0
2023-05-30,55.42,56.59,56.65,54.5,35909.0,35909.0
2023-05-31,57.49,59.42,59.42,57.35,92990.0,92990.0
2023-06-01,59.0,58.01,59.0,57.6,56001.0,56001.0
2023-06-02,58.21,58.69,59.4,57.8,45117.0,45117.0
2023-06-05,58.69,58.5,59.21,58.18,26108.0,26108.0
2023-06-06,58.25,57.18,59.2,57.13,34095.0,34095.0
2023-06-07,57.25,58.33,58.5,56.78,29664.0,29664.0
2023-06-08,58.25,57.57,58.74,57.06,30689.0,30689.0
2023-06-09,57.68,59.87,59.87,57.13,51254.0,51254.0
2023-06-12,59.87,57.97,59.98,57.84,37965.0,37965.0
2023-06-13,58.0,58.6,59.08,57.2,30449.0,30449.0
2023-06-14,58.64,58.66,59.15,58.22,21561.0,21561.0
2023-06-15,59.05,57.83,59.09,57.7,23757.0,23757.0
2023-06-16,57.71,59.67,60.32,57.04,50353.0,50353.0
2023-06-19,59.25,60.46,61.75,58.95,38122.0,38122.0
2023-06-20,60.2,62.52,63.21,59.34,64782.0,64782.0
2023-06-21,62.0,61.79,62.89,61.45,47607.0,47607.0
2023-06-26,61.66,58.91,61.66,58.82,38674.0,38674.0
2023-06-27,58.8,59.49,59.5,58.2,34513.0,34513.0
2023-06-28,59.01,55.52,59.02,54.65,51795.0,51795.0
2023-06-29,55.5,52.98,55.8,52.5,65612.0,65612.0
2023-06-30,53.03,51.81,53.18,51.48,47133.0,47133.0
2023-07-03,51.99,51.46,52.25,50.37,72669.0,72669.0
2023-07-04,51.44,51.37,52.25,50.66,63706.0,63706.0
2023-07-05,51.68,50.29,51.98,50.16,48832.0,48832.0
2023-07-06,50.37,49.63,50.97,49.02,54630.0,54630.0
2023-07-07,49.94,48.96,49.94,48.62,34385.0,34385.0
2023-07-10,48.99,49.65,49.85,48.75,26005.0,26005.0
2023-07-11,49.4,49.88,50.32,49.31,28839.0,28839.0
2023-07-12,49.87,48.88,50.22,48.78,21861.0,21861.0
2023-07-13,48.98,49.2,49.51,48.72,19363.0,19363.0
2023-07-14,49.47,50.85,51.2,49.4,43461.0,43461.0
2023-07-17,52.0,50.1,52.88,49.58,53981.0,53981.0
2023-07-18,49.95,49.04,50.36,48.9,28643.0,28643.0
2023-07-19,49.5,48.98,49.53,48.82,15962.0,15962.0
2023-07-20,48.92,48.17,49.48,48.16,21591.0,21591.0
2023-07-21,47.89,48.07,48.43,47.51,17291.0,17291.0
2023-07-24,48.0,48.61,48.75,47.75,13725.0,13725.0
2023-07-25,48.99,49.33,49.52,48.73,18971.0,18971.0
2023-07-26,49.0,49.11,49.44,48.75,17837.0,17837.0
2023-07-27,48.96,48.83,49.38,48.8,15532.0,15532.0
2023-07-28,48.67,50.4,50.45,48.42,28591.0,28591.0
2023-07-31,50.48,50.7,51.28,50.15,27882.0,27882.0
2023-08-01,50.66,50.87,51.3,50.52,17050.0,17050.0
2023-08-02,50.67,50.97,51.7,50.65,23822.0,23822.0
2023-08-03,50.97,51.07,51.49,50.59,13397.0,13397.0
2023-08-04,51.01,51.96,52.43,51.01,26422.0,26422.0
2023-08-07,51.98,52.02,52.45,51.66,20856.0,20856.0
2023-08-08,52.03,52.05,52.62,51.76,17938.0,17938.0
2023-08-09,51.92,51.83,52.66,51.78,17958.0,17958.0
2023-08-10,51.79,52.0,52.38,51.33,23476.0,23476.0
2023-08-11,51.92,50.85,52.32,50.79,22122.0,22122.0
2023-08-14,50.01,52.2,52.47,50.01,22807.0,22807.0
2023-08-15,52.36,51.79,52.5,51.2,19995.0,19995.0
2023-08-16,52.02,49.51,52.4,49.33,28488.0,28488.0
2023-08-17,49.51,50.42,50.49,48.75,21913.0,21913.0
2023-08-18,51.4,49.32,51.85,49.3,27894.0,27894.0
2023-08-21,49.25,49.27,50.74,49.0,17119.0,17119.0
2023-08-22,49.94,50.9,51.25,49.3,26124.0,26124.0
2023-08-23,50.95,50.02,51.65,49.93,22740.0,22740.0
2023-08-24,50.17,48.64,51.0,48.64,24485.0,24485.0
2023-08-25,48.71,48.11,49.08,47.81,20103.0,20103.0
2023-08-28,51.12,49.62,51.2,49.35,35860.0,35860.0
2023-08-29,49.48,51.67,51.8,49.45,35041.0,35041.0
2023-08-30,51.97,53.66,53.97,51.47,42915.0,42915.0
2023-08-31,53.01,53.67,54.5,53.01,30763.0,30763.0
2023-09-01,54.01,54.26,54.35,53.01,24958.0,24958.0
2023-09-04,54.5,54.99,55.26,53.5,28022.0,28022.0
2023-09-05,54.99,54.36,55.54,54.08,18940.0,18940.0
2023-09-06,54.25,54.25,54.65,53.57,19648.0,19648.0
2023-09-07,54.15,53.28,54.68,53.16,24199.0,24199.0
2023-09-08,53.17,52.8,53.38,52.55,12852.0,12852.0
2023-09-11,52.8,53.37,54.26,52.54,21720.0,21720.0
2023-09-12,53.11,53.5,53.97,52.91,18433.0,18433.0
2023-09-13,53.26,52.63,53.5,51.79,20468.0,20468.0
2023-09-14,52.56,52.57,53.17,51.86,19335.0,19335.0
2023-09-15,52.46,53.77,53.77,52.46,30442.0,30442.0
2023-09-18,53.18,53.58,54.19,52.84,31705.0,31705.0
2023-09-19,53.41,53.08,53.95,52.71,18769.0,18769.0
2023-09-20,52.91,52.5,53.27,51.97,16040.0,16040.0
2023-09-21,52.29,52.59,53.12,52.29,23017.0,23017.0
2023-09-22,52.59,52.43,53.48,51.88,33698.0,33698.0
2023-09-25,52.06,50.85,52.19,50.23,28962.0,28962.0
2023-09-26,50.68,51.2,51.94,50.59,20934.0,20934.0
2023-09-27,51.01,51.24,51.51,50.6,14946.0,14946.0
2023-09-28,51.31,51.46,51.75,50.75,15701.0,15701.0
2023-10-09,51.0,50.42,51.45,49.9,17965.0,17965.0
2023-10-10,50.58,51.12,51.89,50.58,19398.0,19398.0
2023-10-11,51.7,51.39,52.03,50.7,25176.0,25176.0
2023-10-12,51.56,50.56,51.97,50.1,25251.0,25251.0
2023-10-13,50.38,49.87,50.58,49.64,12836.0,12836.0
2023-10-16,49.82,48.89,50.0,48.75,18491.0,18491.0
2023-10-17,48.81,49.38,49.94,48.81,17576.0,17576.0
2023-10-18,49.2,48.69,49.54,48.18,12435.0,12435.0
2023-10-19,48.51,48.01,49.36,48.0,16735.0,16735.0
2023-10-20,47.85,46.18,48.26,46.18,23443.0,23443.0
2023-10-23,46.21,45.27,46.56,45.03,17872.0,17872.0
2023-10-24,46.2,46.55,47.1,45.0,22662.0,22662.0
2023-10-25,47.0,46.51,47.95,46.5,21945.0,21945.0
2023-10-26,45.5,44.89,46.32,43.61,37600.0,37600.0
2023-10-27,44.78,45.3,45.39,43.96,21960.0,21960.0
2023-10-30,45.22,46.52,46.66,44.91,25548.0,25548.0
2023-10-31,46.59,46.07,46.7,45.77,13455.0,13455.0
2023-11-01,46.24,45.7,46.3,45.6,14461.0,14461.0
2023-11-02,45.77,45.75,46.54,45.48,17197.0,17197.0
2023-11-03,45.9,46.67,46.95,45.66,20897.0,20897.0
2023-11-06,46.67,47.66,47.84,46.67,28903.0,28903.0
2023-11-07,47.58,47.66,48.03,47.14,17803.0,17803.0
2023-11-08,47.68,47.58,48.43,47.2,24982.0,24982.0
2023-11-09,47.42,47.84,48.37,47.13,23066.0,23066.0
2023-11-10,47.59,47.31,47.79,47.21,18928.0,18928.0
2023-11-13,47.39,48.32,48.42,47.39,18878.0,18878.0
2023-11-14,48.52,49.67,49.9,48.3,27417.0,27417.0
2023-11-15,50.58,49.01,50.6,48.85,30247.0,30247.0
2023-11-16,48.79,48.45,49.8,48.11,27266.0,27266.0
2023-11-17,48.57,48.24,49.08,48.06,16671.0,16671.0
2023-11-20,48.0,48.53,48.91,47.9,23423.0,23423.0
2023-11-21,48.53,48.01,49.22,47.8,19176.0,19176.0
2023-11-22,47.92,47.15,48.39,47.12,18297.0,18297.0
2023-11-23,47.32,47.66,47.71,46.59,17181.0,17181.0
2023-11-24,47.6,46.02,47.85,46.01,21655.0,21655.0
2023-11-27,45.91,45.86,46.38,45.51,14520.0,14520.0
2023-11-28,45.72,45.82,46.16,45.1,19343.0,19343.0
2023-11-29,45.77,45.0,45.85,44.91,20641.0,20641.0
2023-11-30,44.65,45.0,45.0,44.06,25185.0,25185.0
2023-12-01,44.38,44.96,45.34,44.05,28149.0,28149.0
2023-12-04,45.0,45.21,46.16,44.96,27181.0,27181.0
2023-12-05,45.33,43.35,45.4,43.35,37734.0,37734.0
2023-12-06,43.36,42.71,43.6,42.55,34375.0,34375.0
2023-12-07,42.61,43.02,43.2,41.87,38222.0,38222.0
2023-12-08,43.01,44.65,44.65,43.0,60593.0,60593.0
2023-12-11,44.07,44.47,44.63,43.41,37157.0,37157.0
2023-12-12,44.3,44.16,45.16,43.94,35803.0,35803.0
2023-12-13,44.14,42.53,44.2,42.49,38484.0,38484.0
2023-12-14,42.71,42.26,43.41,42.18,26102.0,26102.0
2023-12-15,42.31,41.59,42.5,41.45,27952.0,27952.0
2023-12-18,41.6,40.43,41.72,40.21,39273.0,39273.0
2023-12-19,40.43,40.38,40.56,39.88,31021.0,31021.0
2023-12-20,40.41,39.37,40.68,39.37,27600.0,27600.0
2023-12-21,39.25,39.68,40.16,39.17,29260.0,29260.0
2023-12-22,39.53,38.64,39.8,38.48,31385.0,31385.0
2023-12-25,38.6,39.25,40.05,38.6,28275.0,28275.0
2023-12-26,39.25,38.3,39.54,38.1,25524.0,25524.0
2023-12-27,38.29,38.12,38.86,37.92,27220.0,27220.0
2023-12-28,38.2,39.99,40.14,37.81,33932.0,33932.0
2023-12-29,40.19,40.09,40.43,39.65,30843.0,30843.0
2024-01-02,40.14,38.85,40.29,38.8,30864.0,30864.0
2024-01-03,38.78,38.38,39.15,38.13,26062.0,26062.0
2024-01-04,38.43,37.4,38.48,37.25,35415.0,35415.0
2024-01-05,37.49,36.81,38.18,36.54,39214.0,39214.0
2024-01-08,36.61,35.12,36.75,35.09,37403.0,37403.0
2024-01-09,35.33,34.72,35.54,34.35,42115.0,42115.0
2024-01-10,34.67,34.73,35.24,33.91,30373.0,30373.0
2024-01-11,34.7,35.68,35.99,34.61,31861.0,31861.0
2024-01-12,35.68,35.38,35.85,34.97,21062.0,21062.0
2024-01-15,35.18,34.62,35.22,34.5,26966.0,26966.0
2024-01-16,34.6,34.75,34.83,33.88,28419.0,28419.0
2024-01-17,34.64,33.93,35.5,33.93,28932.0,28932.0
2024-01-18,33.89,34.2,34.3,33.11,32629.0,32629.0
2024-01-19,34.19,33.37,34.38,33.33,26508.0,26508.0
2024-01-22,33.2,31.55,33.49,31.55,35111.0,35111.0
2024-01-23,31.6,33.05,33.2,31.46,32422.0,32422.0
2024-01-24,33.28,33.52,33.56,32.01,28722.0,28722.0
2024-01-25,33.44,34.16,34.33,32.86,28414.0,28414.0
2024-01-26,34.0,33.46,34.39,33.3,25297.0,25297.0
2024-01-29,33.53,32.52,33.91,32.3,28393.0,28393.0
2024-01-30,32.2,31.1,32.65,31.1,25705.0,25705.0
2024-01-31,31.0,29.74,31.1,29.74,37460.0,37460.0
2024-02-01,29.86,29.9,30.72,29.48,30671.0,30671.0
2024-02-02,30.07,28.65,30.39,27.5,37845.0,37845.0
2024-02-05,28.74,27.48,28.89,25.9,53685.0,53685.0
2024-02-06,27.48,30.09,30.25,26.84,54236.0,54236.0
2024-02-07,30.18,30.35,31.35,29.71,48894.0,48894.0
2024-02-08,30.99,31.71,32.02,29.85,55089.0,55089.0
2024-02-19,32.36,32.18,32.7,31.36,44513.0,44513.0
2024-02-20,32.0,31.91,32.16,31.51,27172.0,27172.0
2024-02-21,31.73,32.46,33.2,31.55,33111.0,33111.0
2024-02-22,32.33,33.18,33.59,32.33,29763.0,29763.0
2024-02-23,33.58,33.92,33.94,32.9,27652.0,27652.0
2024-02-26,33.82,34.02,34.45,33.44,33794.0,33794.0
2024-02-27,34.02,35.58,35.66,33.9,51038.0,51038.0
2024-02-28,36.05,34.03,37.27,34.02,81067.0,81067.0
2024-02-29,33.34,34.99,34.99,33.34,51909.0,51909.0
2024-03-01,34.83,36.16,36.45,34.82,49036.0,49036.0
2024-03-04,36.6,36.1,36.9,35.85,52809.0,52809.0
2024-03-05,35.9,35.29,36.1,35.1,43698.0,43698.0
2024-03-06,35.29,35.21,35.66,34.9,32726.0,32726.0
2024-03-07,34.8,34.03,35.39,34.03,35187.0,35187.0
2024-03-08,34.3,34.39,34.57,33.8,21825.0,21825.0
2024-03-11,34.3,35.09,35.13,33.86,32943.0,32943.0
2024-03-12,35.32,35.46,35.74,35.2,25763.0,25763.0
2024-03-13,35.65,36.31,37.39,35.41,50220.0,50220.0
2024-03-14,35.97,35.28,35.98,34.9,34524.0,34524.0
2024-03-15,35.28,35.0,35.35,34.44,34764.0,34764.0
2024-03-18,35.06,35.28,35.44,34.76,39596.0,39596.0
2024-03-19,35.2,35.85,36.4,34.86,44915.0,44915.0
2024-03-20,35.78,36.26,36.45,35.54,34831.0,34831.0
2024-03-21,36.24,35.66,36.85,35.65,38580.0,38580.0
2024-03-22,35.62,35.01,35.79,34.18,36185.0,36185.0
2024-03-25,35.35,33.8,35.36,33.8,29309.0,29309.0
2024-03-26,33.83,32.63,34.16,32.28,33088.0,33088.0
2024-03-27,32.47,30.66,32.67,30.66,43733.0,43733.0
2024-03-28,30.81,31.62,32.25,30.51,49726.0,49726.0
2024-03-29,31.72,31.5,31.93,30.9,24254.0,24254.0
2024-04-01,31.82,32.4,32.57,31.8,23231.0,23231.0
2024-04-02,32.45,31.81,32.46,31.53,24841.0,24841.0
2024-04-03,31.83,30.92,31.83,30.91,23641.0,23641.0
2024-04-08,30.92,29.85,31.0,29.85,23876.0,23876.0
2024-04-09,29.84,30.64,30.79,29.84,23544.0,23544.0
2024-04-10,30.99,29.89,31.08,29.7,22729.0,22729.0
2024-04-11,29.74,29.61,30.17,29.51,21200.0,21200.0
2024-04-12,29.66,29.15,29.89,29.09,21898.0,21898.0
2024-04-15,29.1,29.05,29.42,28.34,33769.0,33769.0
2024-04-16,29.02,27.83,29.07,27.8,27638.0,27638.0
2024-04-17,28.21,28.85,29.18,28.21,26125.0,26125.0
2024-04-18,28.73,28.77,29.2,28.25,27310.0,27310.0
2024-04-19,28.47,28.19,28.62,28.02,20984.0,20984.0
2024-04-22,28.5,29.2,29.56,28.0,33582.0,33582.0
2024-04-23,29.18,29.07,29.55,28.86,22710.0,22710.0
2024-04-24,29.49,29.57,29.62,29.02,23396.0,23396.0
2024-04-25,29.68,29.76,30.19,29.24,23978.0,23978.0
2024-04-26,29.8,31.1,31.23,29.7,41614.0,41614.0
2024-04-29,30.55,31.14,31.25,30.3,60319.0,60319.0
2024-04-30,31.24,30.9,31.3,30.45,32390.0,32390.0
2024-05-06,31.4,31.1,31.65,31.0,32698.0,32698.0
2024-05-07,31.04,31.07,31.52,30.81,28994.0,28994.0
2024-05-08,31.09,30.13,31.09,30.08,24479.0,24479.0
2024-05-09,30.25,30.35,30.65,30.13,24582.0,24582.0
2024-05-10,30.37,29.51,30.6,29.35,30359.0,30359.0
2024-05-13,29.19,28.82,29.41,28.68,25516.0,25516.0
2024-05-14,28.87,29.02,29.36,28.77,21354.0,21354.0
2024-05-15,28.89,28.21,28.92,28.2,22945.0,22945.0
2024-05-16,28.37,28.2,28.64,28.0,21942.0,21942.0
2024-05-17,28.2,28.54,28.8,27.9,27656.0,27656.0
2024-05-20,28.5,28.73,29.23,28.25,45280.0,45280.0
2024-05-21,28.75,27.95,28.75,27.9,25091.0,25091.0
2024-05-22,27.95,28.33,28.44,27.85,21213.0,21213.0
2024-05-23,28.33,27.27,28.33,27.25,27365.0,27365.0
2024-05-24,27.22,26.41,27.49,26.41,32769.0,32769.0
2024-05-27,26.5,26.61,26.74,25.98,28791.0,28791.0
2024-05-28,26.62,26.2,26.68,26.05,22937.0,22937.0
2024-05-29,26.21,26.19,26.68,26.18,14621.0,14621.0
2024-05-30,26.18,26.41,26.66,25.8,19687.0,19687.0
2024-05-31,26.38,26.06,26.92,26.06,64141.0,64141.0
2024-06-03,26.1,25.13,26.13,24.87,56971.0,56971.0
2024-06-04,25.0,25.32,25.38,24.81,31947.0,31947.0
2024-06-05,25.3,25.37,25.68,25.26,32157.0,32157.0
2024-06-06,25.49,24.32,25.69,24.21,40071.0,40071.0
2024-06-07,24.45,24.3,24.89,24.01,37153.0,37153.0
2024-06-11,24.3,25.08,25.1,24.04,43504.0,43504.0
2024-06-12,25.14,25.16,25.48,24.98,36981.0,36981.0
2024-06-13,25.29,25.87,26.39,24.95,69334.0,69334.0
2024-06-14,25.87,26.16,26.23,25.32,109100.0,109100.0
2024-06-17,25.82,25.23,25.99,25.03,63599.0,63599.0
2024-06-18,25.28,25.5,25.87,25.25,36105.0,36105.0
2024-06-19,25.25,25.2,25.74,25.11,26204.0,26204.0
2024-06-20,25.32,25.34,26.08,25.03,45825.0,45825.0
2024-06-21,25.06,25.39,25.53,24.78,32569.0,32569.0
2024-06-24,25.37,24.38,25.37,24.29,36006.0,36006.0
2024-06-25,24.68,23.43,24.68,23.2,40522.0,40522.0
2024-06-26,23.43,25.15,25.18,23.11,49996.0,49996.0
2024-06-27,24.95,24.8,25.25,24.58,36931.0,36931.0
2024-06-28,24.61,23.62,24.84,23.56,60733.0,60733.0
2024-07-01,23.49,22.97,23.65,22.63,39301.0,39301.0
2024-07-02,22.94,23.58,23.93,22.82,50519.0,50519.0
2024-07-03,23.6,23.16,23.7,23.05,29806.0,29806.0
2024-07-04,23.19,22.54,23.34,22.4,31477.0,31477.0
2024-07-05,22.56,22.91,23.06,22.26,30252.0,30252.0
2024-07-08,22.79,21.86,22.87,21.78,33940.0,33940.0
2024-07-09,21.81,21.98,22.22,21.33,42110.0,42110.0
2024-07-10,21.88,22.23,22.65,21.74,31550.0,31550.0
2024-07-11,22.61,22.8,23.01,22.51,34667.0,34667.0
2024-07-12,22.8,22.52,22.88,22.46,21492.0,21492.0
2024-07-15,22.53,21.93,22.6,21.85,24540.0,24540.0
2024-07-16,21.81,22.26,22.4,21.68,30303.0,30303.0
2024-07-17,22.2,22.19,22.55,22.11,27841.0,27841.0
2024-07-18,22.24,21.83,22.25,21.66,33168.0,33168.0
2024-07-19,21.74,22.49,22.69,21.7,46645.0,46645.0
2024-07-22,23.66,23.54,23.99,23.11,77802.0,77802.0
2024-07-23,23.42,22.97,23.95,22.97,54103.0,54103.0
2024-07-24,23.0,23.02,23.45,22.57,49500.0,49500.0
2024-07-25,23.01,23.55,23.89,22.99,41479.0,41479.0
2024-07-26,23.26,22.51,23.58,22.46,54799.0,54799.0
2024-07-29,22.36,22.61,22.85,21.91,36830.0,36830.0
2024-07-30,22.45,22.73,22.89,22.34,28057.0,28057.0
2024-07-31,22.6,24.16,24.2,22.6,50050.0,50050.0
2024-08-01,24.54,24.24,24.79,24.14,49128.0,49128.0
2024-08-02,24.03,23.71,24.5,23.59,40081.0,40081.0
2024-08-05,23.52,22.95,24.1,22.91,39622.0,39622.0
2024-08-06,23.26,23.41,23.49,23.1,27359.0,27359.0
2024-08-07,23.32,23.1,23.55,22.91,25738.0,25738.0
2024-08-08,22.96,23.1,23.37,22.42,26294.0,26294.0
2024-08-09,23.15,22.72,23.43,22.7,25136.0,25136.0
2024-08-12,22.7,22.47,22.71,22.25,20913.0,20913.0
2024-08-13,22.47,22.5,22.65,22.18,14604.0,14604.0
2024-08-14,22.51,22.36,22.65,22.17,17907.0,17907.0
2024-08-15,22.25,23.03,23.3,22.23,42308.0,42308.0
2024-08-16,23.0,23.03,23.33,22.83,26932.0,26932.0
2024-08-19,23.09,22.87,23.37,22.75,23529.0,23529.0
2024-08-20,22.87,21.93,22.87,21.91,21479.0,21479.0
2024-08-21,21.93,21.72,22.29,21.7,17048.0,17048.0
2024-08-22,21.88,21.41,22.15,21.38,24378.0,24378.0
2024-08-23,21.5,21.67,21.77,21.41,21814.0,21814.0
2024-08-26,21.8,22.0,22.33,21.61,18148.0,18148.0
2024-08-27,21.91,21.41,22.09,21.37,20339.0,20339.0
2024-08-28,21.52,21.65,21.76,20.98,21554.0,21554.0
2024-08-29,21.65,22.07,22.17,21.51,22947.0,22947.0
2024-08-30,22.05,22.6,22.94,21.95,33700.0,33700.0
2024-09-02,22.62,21.11,22.78,21.11,42850.0,42850.0
2024-09-03,21.12,21.15,21.3,20.87,24601.0,24601.0
2024-09-04,21.03,21.0,21.42,20.96,19700.0,19700.0
2024-09-05,21.0,21.41,21.63,21.0,22699.0,22699.0
2024-09-06,21.54,20.84,21.58,20.82,20732.0,20732.0
2024-09-09,20.8,20.52,20.92,20.38,20114.0,20114.0
2024-09-10,20.66,20.96,21.16,20.22,27523.0,27523.0
2024-09-11,20.98,21.02,21.24,20.78,19763.0,19763.0
2024-09-12,21.09,21.08,21.47,20.96,19825.0,19825.0
2024-09-13,21.18,20.89,21.32,20.61,26939.0,26939.0
2024-09-18,20.76,20.5,20.79,20.15,21870.0,21870.0
2024-09-19,20.51,21.47,21.66,20.37,35958.0,35958.0
2024-09-20,21.58,21.44,21.88,21.32,24417.0,24417.0
2024-09-23,21.44,21.88,22.09,21.33,29750.0,29750.0
2024-09-24,22.06,23.08,23.09,21.73,50646.0,50646.0
2024-09-25,23.28,23.46,23.87,23.03,46394.0,46394.0
2024-09-26,23.42,24.5,24.5,23.3,50101.0,50101.0
2024-09-27,24.95,26.8,26.9,24.74,59227.0,59227.0
2024-09-30,28.91,31.88,31.95,28.58,136380.0,136380.0
2024-10-08,38.25,38.2,38.25,35.0,181727.0,181727.0
2024-10-09,36.98,34.99,38.69,34.1,150950.0,150950.0
2024-10-10,35.8,32.81,36.4,32.79,109250.0,109250.0
2024-10-11,32.65,30.25,33.18,29.82,79694.0,79694.0
2024-10-14,31.09,31.5,31.9,29.61,74164.0,74164.0
2024-10-15,31.13,30.79,32.54,30.78,74257.0,74257.0
2024-10-16,30.09,30.31,31.29,30.03,43605.0,43605.0
2024-10-17,32.5,31.31,32.55,31.21,89317.0,89317.0
2024-10-18,31.0,33.68,35.38,30.38,124634.0,124634.0
2024-10-21,33.95,33.92,35.08,33.43,100740.0,100740.0
2024-10-22,34.19,32.65,34.29,32.44,68022.0,68022.0
2024-10-23,32.67,32.6,33.5,32.11,56507.0,56507.0
2024-10-24,32.66,32.1,32.66,32.01,37462.0,37462.0
2024-10-25,32.08,32.53,32.88,32.02,45161.0,45161.0
2024-10-28,32.21,32.4,32.75,32.14,39603.0,39603.0
2024-10-29,32.4,31.45,32.71,31.35,65568.0,65568.0
2024-10-30,31.4,31.23,31.77,30.61,53792.0,53792.0
2024-10-31,31.3,31.72,32.34,30.55,83157.0,83157.0
2024-11-01,31.56,30.1,32.08,30.01,71453.0,71453.0
2024-11-04,30.27,30.54,30.77,29.97,34181.0,34181.0
2024-11-05,30.45,32.33,32.55,30.35,85091.0,85091.0
2024-11-06,32.44,32.64,33.96,32.44,86949.0,86949.0
2024-11-07,32.31,33.23,33.25,32.12,74333.0,74333.0
2024-11-08,33.63,33.45,34.88,33.18,113929.0,113929.0
2024-11-11,33.7,35.19,36.14,33.51,146970.0,146970.0
2024-11-12,35.58,34.62,36.37,34.25,117599.0,117599.0
2024-11-13,34.29,34.16,34.88,33.41,94849.0,94849.0
2024-11-14,34.01,33.48,34.29,33.16,89003.0,89003.0
2024-11-15,33.47,33.39,35.15,33.31,112076.0,112076.0
2024-11-18,33.11,31.3,33.14,31.14,72552.0,72552.0
2024-11-19,31.66,31.89,32.11,31.09,53242.0,53242.0
2024-11-20,31.93,32.3,32.78,31.7,47379.0,47379.0
2024-11-21,32.12,33.81,34.2,32.11,99110.0,99110.0
2024-11-22,33.39,31.44,34.29,31.43,102374.0,102374.0
2024-11-25,31.66,30.5,31.8,29.9,78066.0,78066.0
2024-11-26,30.59,29.46,30.7,29.45,60907.0,60907.0
2024-11-27,29.45,30.12,30.13,28.98,66029.0,66029.0
2024-11-28,30.06,29.86,30.85,29.76,52731.0,52731.0
2024-11-29,29.78,30.58,30.99,29.39,61174.0,61174.0
2024-12-02,30.38,30.65,31.18,30.21,67672.0,67672.0
2024-12-03,30.65,30.26,30.66,29.87,55185.0,55185.0
2024-12-04,30.28,29.61,30.49,29.4,47505.0,47505.0
2024-12-05,29.61,30.77,31.1,29.47,68963.0,68963.0
2024-12-06,30.78,31.4,31.96,30.57,57820.0,57820.0
2024-12-09,31.48,30.79,31.88,30.5,43843.0,43843.0
2024-12-10,32.0,31.67,32.79,31.56,79781.0,79781.0
2024-12-11,31.83,31.78,32.0,31.4,49592.0,49592.0
2024-12-12,31.95,31.86,32.8,31.48,59420.0,59420.0
2024-12-13,31.53,30.91,31.72,30.81,68040.0,68040.0
2024-12-16,30.94,30.17,30.94,29.96,44924.0,44924.0
2024-12-17,30.08,29.73,30.28,29.6,39365.0,39365.0
2024-12-18,29.73,29.94,30.37,29.47,35424.0,35424.0
2024-12-19,29.86,30.35,30.6,29.68,46459.0,46459.0
2024-12-20,30.1,30.35,30.63,29.93,48203.0,48203.0
2024-12-23,30.3,29.23,30.31,29.2,44843.0,44843.0
2024-12-24,29.28,29.25,29.54,28.9,33191.0,33191.0
2024-12-25,29.28,28.28,29.31,27.98,53643.0,53643.0
2024-12-26,28.28,28.68,28.96,28.21,35827.0,35827.0
2024-12-27,28.68,28.4,29.06,28.3,43837.0,43837.0
2024-12-30,28.35,28.26,28.49,27.86,39701.0,39701.0
2024-12-31,28.56,26.83,28.69,26.83,63582.0,63582.0
2025-01-02,26.8,25.62,26.83,25.3,65134.0,65134.0
2025-01-03,25.72,24.58,25.78,24.44,73746.0,73746.0
2025-01-06,24.75,24.46,24.86,24.08,39875.0,39875.0
2025-01-07,24.5,24.24,24.64,23.82,51408.0,51408.0
2025-01-08,24.29,23.91,24.29,23.33,52178.0,52178.0
2025-01-09,23.8,24.0,24.26,23.8,37119.0,37119.0
2025-01-10,23.76,23.5,24.37,23.48,34927.0,34927.0
2025-01-13,23.23,23.89,24.13,23.12,38546.0,38546.0
2025-01-14,23.85,24.82,24.89,23.83,45752.0,45752.0
2025-01-15,25.0,24.41,25.0,24.02,43673.0,43673.0
2025-01-16,24.65,24.48,25.25,24.34,52811.0,52811.0
2025-01-17,24.43,24.71,24.98,24.25,39566.0,39566.0
2025-01-20,23.39,23.93,24.13,23.2,72133.0,72133.0
2025-01-21,23.98,24.04,24.21,23.53,41341.0,41341.0
2025-01-22,24.1,23.96,24.1,23.5,31035.0,31035.0
2025-01-23,24.19,24.18,24.92,24.12,46218.0,46218.0
2025-01-24,24.17,25.36,25.37,24.11,53829.0,53829.0
2025-01-27,25.52,25.04,25.69,24.96,40524.0,40524.0
2025-02-05,27.0,28.16,28.99,26.68,168491.0,168491.0
2025-02-06,28.59,31.52,32.18,27.71,238816.0,238816.0
2025-02-07,31.0,32.83,34.19,30.66,248963.0,248963.0
2025-02-10,33.48,36.26,36.42,32.4,244747.0,244747.0
2025-02-11,35.02,33.65,36.21,33.65,211797.0,211797.0
2025-02-12,33.39,33.92,34.59,33.39,140452.0,140452.0
2025-02-13,33.86,34.37,35.18,33.0,175644.0,175644.0
2025-02-14,33.8,38.4,39.33,33.76,276623.0,276623.0
2025-02-17,38.45,40.26,42.55,36.5,281202.0,281202.0
2025-02-18,40.54,42.6,46.3,39.0,369843.0,369843.0
2025-02-19,42.1,45.99,47.77,41.5,341138.0,341138.0
2025-02-20,44.85,43.05,45.54,42.98,238981.0,238981.0
2025-02-21,43.42,43.34,44.5,41.06,234061.0,234061.0
2025-02-24,42.85,42.03,43.0,40.0,249530.0,249530.0
2025-02-25,40.59,41.67,42.98,40.47,157523.0,157523.0
2025-02-26,42.01,41.5,42.21,40.93,141431.0,141431.0
2025-02-27,41.75,40.35,42.58,39.73,165645.0,165645.0
2025-02-28,39.96,38.38,40.75,38.18,149379.0,149379.0
2025-03-03,38.59,38.91,39.82,37.68,119389.0,119389.0
2025-03-04,38.59,39.67,40.68,38.51,121752.0,121752.0
2025-03-05,39.55,39.85,40.18,39.0,106382.0,106382.0
2025-03-06,40.3,40.95,42.07,39.86,205549.0,205549.0
2025-03-07,40.44,39.64,41.25,39.21,143499.0,143499.0
2025-03-10,39.09,38.67,39.52,38.0,124341.0,124341.0
2025-03-11,38.01,38.03,38.67,37.2,125113.0,125113.0
2025-03-12,38.37,37.5,38.47,37.48,87994.0,87994.0
2025-03-13,37.34,36.22,37.5,35.83,128503.0,128503.0
2025-03-14,35.95,36.85,37.04,35.74,81738.0,81738.0
2025-03-17,36.88,36.56,37.07,36.27,63123.0,63123.0
2025-03-18,37.2,37.12,38.08,36.85,102411.0,102411.0
2025-03-19,36.8,36.55,37.12,36.43,63072.0,63072.0
2025-03-20,36.68,36.72,37.58,36.3,75626.0,75626.0
2025-03-21,36.53,35.36,36.95,35.35,82156.0,82156.0
2025-03-24,35.35,34.79,35.59,34.1,74289.0,74289.0
2025-03-25,34.7,34.5,35.23,34.3,45085.0,45085.0
2025-03-26,34.51,34.25,34.95,34.12,39932.0,39932.0
2025-03-27,34.29,34.54,35.17,33.8,60446.0,60446.0
2025-03-28,34.6,34.34,34.92,34.29,42486.0,42486.0
2025-03-31,34.1,34.23,34.39,33.54,48477.0,48477.0
2025-04-01,34.22,33.48,34.49,33.3,64867.0,64867.0
2025-04-02,33.44,33.74,34.08,33.44,38803.0,38803.0
2025-04-03,33.41,33.54,34.28,33.4,36890.0,36890.0
2025-04-07,31.74,28.1,32.31,27.02,126869.0,126869.0
2025-04-08,28.5,29.3,29.96,28.11,102609.0,102609.0
2025-04-09,28.7,30.13,30.8,27.95,109494.0,109494.0
2025-04-10,30.88,30.5,31.4,30.35,74432.0,74432.0
2025-04-11,30.2,30.81,31.45,30.17,61141.0,61141.0
2025-04-14,31.27,30.77,31.49,30.66,53125.0,53125.0
2025-04-15,30.72,30.56,30.88,30.05,54332.0,54332.0
2025-04-16,30.43,30.04,30.68,29.51,49180.0,49180.0
2025-04-17,29.9,29.69,30.59,29.69,53345.0,53345.0
2025-04-18,29.9,29.38,29.9,28.92,50853.0,50853.0
2025-04-21,29.42,29.61,29.98,29.0,67028.0,67028.0
2025-04-22,29.63,29.22,29.71,28.93,57192.0,57192.0
2025-04-23,29.35,29.51,29.98,29.31,51370.0,51370.0
2025-04-24,29.53,28.86,29.62,28.71,43996.0,43996.0
2025-04-25,28.86,30.02,30.42,28.86,80401.0,80401.0
2025-04-28,30.0,30.3,31.19,29.52,88341.0,88341.0
2025-04-29,30.1,29.63,30.57,29.62,69751.0,69751.0
2025-04-30,29.85,30.75,31.33,29.85,80033.0,80033.0
2025-05-06,31.12,32.04,32.28,31.12,85270.0,85270.0
2025-05-07,32.7,31.45,32.88,31.14,82391.0,82391.0
2025-05-08,31.36,31.82,31.93,31.24,45117.0,45117.0
2025-05-09,31.78,30.8,31.79,30.8,50719.0,50719.0
2025-05-12,31.3,31.84,32.1,31.01,53628.0,53628.0
2025-05-13,32.2,31.95,32.48,31.48,61666.0,61666.0
2025-05-14,31.89,31.89,32.28,31.48,49068.0,49068.0
2025-05-15,31.83,30.8,31.83,30.75,46882.0,46882.0
2025-05-16,30.73,30.72,31.25,30.64,31607.0,31607.0
2025-05-19,30.88,30.47,30.88,30.03,36430.0,36430.0
2025-05-20,30.41,30.66,30.83,30.1,34224.0,34224.0
2025-05-21,30.62,30.37,30.75,30.27,27960.0,27960.0
2025-05-22,30.25,30.09,30.48,29.94,28877.0,28877.0
2025-05-23,30.09,29.62,30.4,29.55,40018.0,40018.0
2025-05-26,29.63,29.81,30.08,29.4,34392.0,34392.0
2025-05-27,30.04,29.55,30.04,29.37,34056.0,34056.0
2025-05-28,29.62,29.06,29.79,28.83,41361.0,41361.0
2025-05-29,29.01,30.59,30.6,29.01,57048.0,57048.0
2025-05-30,30.46,30.16,30.5,30.0,38384.0,38384.0
2025-06-03,30.76,31.56,32.65,30.6,103442.0,103442.0
2025-06-04,31.55,31.62,32.2,31.44,47454.0,47454.0
2025-06-05,31.63,32.01,32.1,31.5,45713.0,45713.0
2025-06-06,32.25,32.33,32.89,31.7,59089.0,59089.0
2025-06-09,32.5,32.12,32.52,31.93,45890.0,45890.0
2025-06-10,32.21,30.86,32.21,30.67,67676.0,67676.0
2025-06-11,31.1,31.04,31.3,30.66,40856.0,40856.0
2025-06-12,30.81,31.75,32.28,30.65,72647.0,72647.0
2025-06-13,31.45,32.78,33.33,31.43,169912.0,169912.0
2025-06-16,32.6,32.64,33.78,32.48,68648.0,68648.0
2025-06-17,33.0,32.18,33.0,32.0,50181.0,50181.0
2025-06-18,32.45,32.44,32.69,32.0,39425.0,39425.0
2025-06-19,32.54,31.78,33.0,31.73,48001.0,48001.0
2025-06-20,31.87,31.48,31.96,31.29,36690.0,36690.0
2025-06-23,31.21,32.52,32.71,31.18,47245.0,47245.0
2025-06-24,32.48,33.1,33.28,32.35,57752.0,57752.0
2025-06-25,33.11,33.4,33.49,32.85,61666.0,61666.0
2025-06-26,33.74,33.81,34.66,33.32,91651.0,91651.0
2025-06-27,33.8,33.34,34.31,33.32,58732.0,58732.0
2025-06-30,33.92,33.98,34.22,33.61,51713.0,51713.0
2025-07-01,34.08,33.48,34.35,33.11,49803.0,49803.0
2025-07-02,33.5,33.21,33.5,33.03,33073.0,33073.0
2025-07-03,33.21,33.23,33.66,33.14,26927.0,26927.0
2025-07-04,33.15,32.9,33.56,32.81,37955.0,37955.0
2025-07-07,33.06,32.62,33.15,32.37,32788.0,32788.0
2025-07-08,32.6,33.09,33.1,32.48,36909.0,36909.0
2025-07-09,33.05,32.9,33.24,32.81,34030.0,34030.0
2025-07-10,32.76,32.97,33.15,32.68,28148.0,28148.0
2025-07-11,32.96,33.79,33.98,32.91,58243.0,58243.0
2025-07-14,34.17,33.67,34.45,33.57,40094.0,40094.0
2025-07-15,33.67,33.94,34.18,33.11,52161.0,52161.0
2025-07-16,33.94,33.99,34.45,33.84,46529.0,
2025-07-17,33.96,34.12,34.36,33.7,45500.0,
2025-07-18,34.22,34.17,34.65,34.09,51317.0,
2025-07-21,34.09,33.95,34.38,33.8,50120.0,
2025-07-22,33.97,34.0,34.17,33.77,40301.0,
2025-07-23,33.88,33.7,34.25,33.65,57382.0,
2025-07-24,33.68,34.38,34.38,33.65,51271.0,
2025-07-25,34.39,34.73,34.94,34.2,55738.0,
2025-07-28,34.98,34.48,34.99,34.2,54504.0,
2025-07-29,34.48,35.48,35.68,33.95,81257.0,
2025-07-30,35.43,34.77,35.88,34.51,62386.0,
2025-07-31,34.75,36.06,37.39,34.6,138267.0,
2025-08-01,36.5,36.79,37.0,35.52,117602.0,
